商品编号,订单号
PR000895,354
PR000762,350
PR000103,335
PR000587,303
PR000385,303
PR000060,302
PR000038,301
PR000403,297
PR000345,292
PR000823,289
PR000321,284
PR000829,279
PR000845,274
PR000889,269
PR000096,267
PR000061,264
PR000839,263
PR000613,263
PR000698,258
PR000120,255
PR000977,254
PR000069,253
PR000785,247
PR000480,246
PR000907,246
PR000395,245
PR000541,244
PR000503,243
PR000765,243
PR000225,243
PR000623,242
PR000190,240
PR000365,232
PR000712,229
PR000072,229
PR000438,224
PR000221,224
PR000659,223
PR000515,222
PR000340,219
PR000182,218
PR000724,217
PR000636,217
PR000384,217
PR000828,216
PR000418,216
PR000363,215
PR000938,215
PR000924,214
PR000639,211
PR000655,211
PR000876,209
PR000720,209
PR000396,203
PR000513,201
PR000057,201
PR000331,197
PR000097,197
PR000736,197
PR000383,197
PR000825,197
PR000778,196
PR000055,194
PR000155,193
PR000922,192
PR000805,192
PR000911,191
PR000049,189
PR000405,187
PR000763,187
PR000494,187
PR000674,185
PR000716,185
PR000638,184
PR000641,183
PR000713,182
PR000471,181
PR000164,181
PR000231,181
PR000821,180
PR000899,180
PR000128,180
PR000148,180
PR000134,179
PR000959,179
PR000206,178
PR000921,178
PR000000,177
PR000871,177
PR000687,176
PR000906,175
PR000818,175
PR000755,172
PR000002,172
PR000153,172
PR000841,172
PR000885,170
PR000558,170
PR000429,170
PR000450,169
PR000491,168
PR000417,168
PR000530,167
PR000066,166
PR000819,165
PR000732,165
PR000904,163
PR000044,163
PR000054,163
PR000133,162
PR000767,162
PR000237,161
PR000058,161
PR000802,161
PR000538,161
PR000465,160
PR000255,160
PR000715,160
PR000830,160
PR000076,159
PR000704,159
PR000167,158
PR000398,158
PR000756,157
PR000982,157
PR000930,157
PR000657,157
PR000393,157
PR000645,157
PR000584,156
PR000409,156
PR000262,156
PR000535,156
PR000820,155
PR000402,155
PR000366,155
PR000840,155
PR000308,155
PR000733,154
PR000854,154
PR000191,154
PR000610,153
PR000432,153
PR000516,153
PR000711,153
PR000290,152
PR000573,152
PR000673,152
PR000499,152
PR000339,152
PR000757,152
PR000507,151
PR000344,151
PR000259,151
PR000900,151
PR000770,151
PR000571,151
PR000375,150
PR000710,150
PR000330,150
PR000010,150
PR000216,149
PR000226,149
PR000505,149
PR000679,149
PR000670,149
PR000781,148
PR000506,148
PR000254,148
PR000283,148
PR000935,148
PR000234,147
PR000548,147
PR000479,147
PR000445,146
PR000607,146
PR000929,146
PR000026,146
PR000849,146
PR000766,146
PR000984,145
PR000780,145
PR000025,145
PR000909,144
PR000487,144
PR000389,144
PR000779,144
PR000233,144
PR000905,143
PR000407,143
PR000525,143
PR000449,143
PR000691,143
PR000327,143
PR000792,142
PR000074,142
PR000127,142
PR000015,142
PR000205,141
PR000078,141
PR000771,140
PR000484,140
PR000919,140
PR000614,139
PR000714,139
PR000334,139
PR000122,139
PR000693,139
PR000291,138
PR000258,138
PR000181,138
PR000789,138
PR000028,138
PR000371,137
PR000879,136
PR000354,136
PR000978,136
PR000526,135
PR000124,135
PR000747,135
PR000316,135
PR000212,135
PR000224,135
PR000660,135
PR000269,133
PR000773,133
PR000514,132
PR000029,132
PR000760,132
PR000539,132
PR000056,131
PR000727,131
PR000536,131
PR000801,130
PR000976,130
PR000005,130
PR000532,130
PR000633,129
PR000894,129
PR000701,129
PR000162,129
PR000202,129
PR000542,128
PR000991,128
PR000627,128
PR000822,128
PR000500,128
PR000241,128
PR000082,128
PR000168,128
PR000973,127
PR000064,127
PR000695,127
PR000910,127
PR000658,127
PR000348,127
PR000502,127
PR000749,126
PR000260,126
PR000886,126
PR000524,125
PR000606,125
PR000995,125
PR000852,125
PR000236,125
PR000230,125
PR000738,124
PR000482,124
PR000322,124
PR000481,124
PR000458,124
PR000195,124
PR000107,124
PR000697,124
PR000903,124
PR000527,123
PR000556,123
PR000933,123
PR000175,123
PR000549,123
PR000304,123
PR000772,123
PR000115,123
PR000467,122
PR000972,122
PR000087,122
PR000546,122
PR000518,122
PR000788,121
PR000842,121
PR000452,121
PR000423,120
PR000301,120
PR000186,120
PR000388,120
PR000877,120
PR000634,120
PR000867,120
PR000533,120
PR000835,120
PR000739,120
PR000215,119
PR000328,119
PR000382,119
PR000386,119
PR000646,119
PR000129,119
PR000758,119
PR000067,119
PR000053,119
PR000036,119
PR000250,119
PR000390,118
PR000630,118
PR000708,118
PR000323,118
PR000624,118
PR000369,117
PR000851,117
PR000979,117
PR000108,117
PR000878,117
PR000341,117
PR000188,117
PR000605,116
PR000815,116
PR000394,116
PR000476,116
PR000292,116
PR000289,116
PR000474,116
PR000508,115
PR000079,115
PR000601,115
PR000718,115
PR000090,115
PR000813,115
PR000351,115
PR000853,115
PR000401,115
PR000983,115
PR000892,115
PR000114,115
PR000095,114
PR000685,113
PR000793,113
PR000680,113
PR000567,113
PR000706,112
PR000523,112
PR000671,112
PR000184,112
PR000169,112
PR000559,111
PR000769,111
PR000441,111
PR000568,111
PR000682,111
PR000280,111
PR000183,111
PR000932,111
PR000707,111
PR000544,110
PR000275,110
PR000166,110
PR000154,110
PR000196,110
PR000531,110
PR000651,110
PR000293,110
PR000142,110
PR000333,110
PR000967,110
PR000816,110
PR000284,109
PR000604,109
PR000834,109
PR000319,109
PR000435,109
PR000589,109
PR000628,108
PR000974,108
PR000742,108
PR000070,108
PR000264,108
PR000989,108
PR000350,107
PR000177,107
PR000150,107
PR000776,107
PR000041,107
PR000678,107
PR000865,107
PR000690,107
PR000960,106
PR000656,106
PR000692,106
PR000252,106
PR000743,106
PR000774,106
PR000750,106
PR000192,105
PR000511,105
PR000534,105
PR000554,105
PR000649,105
PR000496,105
PR000866,105
PR000927,104
PR000934,104
PR000941,104
PR000106,104
PR000768,104
PR000235,104
PR000420,104
PR000110,104
PR000898,104
PR000222,104
PR000719,103
PR000267,103
PR000581,103
PR000622,103
PR000890,103
PR000883,103
PR000001,103
PR000073,103
PR000112,103
PR000594,103
PR000784,103
PR000298,103
PR000675,103
PR000923,103
PR000343,103
PR000632,103
PR000101,102
PR000703,102
PR000193,102
PR000113,101
PR000453,101
PR000812,101
PR000936,101
PR000737,101
PR000361,101
PR000274,101
PR000809,100
PR000915,100
PR000229,100
PR000611,100
PR000433,100
PR000342,100
PR000428,100
PR000925,100
PR000421,100
PR000092,99
PR000174,99
PR000968,99
PR000615,99
PR000970,99
PR000039,99
PR000734,99
PR000201,98
PR000189,98
PR000626,98
PR000650,98
PR000109,98
PR000751,98
PR000996,98
PR000940,98
PR000942,98
PR000238,97
PR000668,97
PR000071,97
PR000875,97
PR000031,97
PR000961,97
PR000990,97
PR000317,97
PR000424,97
PR000370,97
PR000203,97
PR000299,96
PR000200,96
PR000939,96
PR000949,96
PR000993,96
PR000787,96
PR000008,96
PR000368,96
PR000004,96
PR000223,96
PR000161,96
PR000746,96
PR000994,96
PR000862,95
PR000451,95
PR000814,95
PR000588,95
PR000217,95
PR000783,95
PR000485,94
PR000373,94
PR000888,94
PR000037,94
PR000488,94
PR000447,94
PR000472,94
PR000777,93
PR000729,93
PR000326,93
PR000790,93
PR000560,93
PR000592,93
PR000135,93
PR000448,93
PR000239,92
PR000256,92
PR000574,92
PR000406,92
PR000803,92
PR000332,92
PR000336,91
PR000880,91
PR000219,91
PR000797,91
PR000901,91
PR000997,91
PR000068,91
PR000431,91
PR000827,91
PR000495,91
PR000473,91
PR000881,90
PR000722,90
PR000887,90
PR000653,90
PR000846,90
PR000564,89
PR000126,89
PR000562,89
PR000125,89
PR000400,89
PR000456,89
PR000497,89
PR000397,89
PR000831,88
PR000798,88
PR000105,88
PR000111,88
PR000570,88
PR000019,88
PR000609,88
PR000399,88
PR000442,88
PR000741,88
PR000410,88
PR000667,88
PR000040,87
PR000748,87
PR000504,87
PR000024,87
PR000952,87
PR000246,87
PR000300,87
PR000969,86
PR000863,86
PR000643,86
PR000752,86
PR000033,86
PR000268,86
PR000391,86
PR000896,86
PR000992,86
PR000173,86
PR000608,86
PR000285,86
PR000143,86
PR000100,85
PR000185,85
PR000800,85
PR000547,85
PR000294,85
PR000872,85
PR000367,85
PR000213,84
PR000297,84
PR000415,84
PR000141,84
PR000740,84
PR000426,84
PR000459,84
PR000897,84
PR000688,84
PR000860,84
PR000902,84
PR000975,83
PR000914,83
PR000302,83
PR000335,83
PR000380,83
PR000443,83
PR000618,83
PR000282,83
PR000034,83
PR000998,82
PR000288,82
PR000744,82
PR000119,82
PR000149,82
PR000305,82
PR000411,82
PR000644,82
PR000047,82
PR000811,82
PR000620,81
PR000013,81
PR000376,81
PR000176,81
PR000684,81
PR000430,81
PR000271,81
PR000118,81
PR000640,81
PR000721,81
PR000089,81
PR000754,80
PR000953,80
PR000652,80
PR000378,80
PR000232,80
PR000725,80
PR000681,80
PR000928,80
PR000012,80
PR000595,80
PR000444,80
PR000537,80
PR000312,80
PR000022,80
PR000735,80
PR000848,80
PR000356,79
PR000550,79
PR000086,79
PR000042,79
PR000419,79
PR000844,79
PR000360,79
PR000329,79
PR000180,78
PR000988,78
PR000553,78
PR000950,78
PR000020,78
PR000858,78
PR000702,78
PR000211,78
PR000043,77
PR000723,77
PR000728,77
PR000210,76
PR000833,76
PR000955,76
PR000498,76
PR000501,76
PR000775,76
PR000555,76
PR000240,76
PR000075,76
PR000140,76
PR000753,75
PR000799,75
PR000509,75
PR000116,75
PR000146,75
PR000593,75
PR000059,75
PR000700,75
PR000665,75
PR000377,75
PR000253,74
PR000664,74
PR000172,74
PR000018,74
PR000529,74
PR000455,74
PR000296,74
PR000619,74
PR000946,74
PR000543,73
PR000346,73
PR000209,73
PR000492,73
PR000600,73
PR000083,73
PR000463,73
PR000387,73
PR000099,72
PR000077,72
PR000782,72
PR000085,72
PR000843,72
PR000477,72
PR000159,72
PR000437,72
PR000179,72
PR000132,72
PR000462,72
PR000446,72
PR000980,71
PR000257,71
PR000869,71
PR000873,71
PR000364,71
PR000731,71
PR000857,71
PR000021,71
PR000276,71
PR000764,71
PR000273,71
PR000144,71
PR000248,70
PR000635,70
PR000187,70
PR000648,70
PR000838,70
PR000850,70
PR000208,70
PR000565,70
PR000987,70
PR000156,70
PR000178,70
PR000965,70
PR000315,70
PR000971,70
PR000761,70
PR000585,69
PR000357,69
PR000603,69
PR000311,69
PR000464,69
PR000266,69
PR000404,69
PR000197,69
PR000306,69
PR000466,68
PR000307,68
PR000413,68
PR000824,68
PR000199,68
PR000489,68
PR000147,68
PR000320,68
PR000084,68
PR000286,68
PR000194,68
PR000870,67
PR000279,67
PR000709,67
PR000427,67
PR000251,67
PR000244,67
PR000956,67
PR000372,67
PR000575,67
PR000439,67
PR000561,67
PR000261,67
PR000023,67
PR000861,67
PR000434,66
PR000483,66
PR000661,66
PR000519,66
PR000745,66
PR000672,66
PR000512,65
PR000338,65
PR000281,65
PR000325,65
PR000631,65
PR000171,65
PR000893,65
PR000981,64
PR000999,64
PR000422,64
PR000170,64
PR000832,64
PR000808,64
PR000696,63
PR000475,63
PR000957,63
PR000362,63
PR000263,63
PR000962,63
PR000510,63
PR000048,63
PR000663,63
PR000198,63
PR000694,63
PR000759,63
PR000414,63
PR000035,63
PR000689,62
PR000540,62
PR000046,62
PR000916,62
PR000963,62
PR000637,62
PR000136,62
PR000081,62
PR000580,62
PR000160,62
PR000349,62
PR000545,62
PR000804,61
PR000666,61
PR000121,61
PR000520,61
PR000557,61
PR000374,61
PR000065,61
PR000791,61
PR000098,61
PR000324,61
PR000440,60
PR000726,60
PR000864,60
PR000052,60
PR000612,60
PR000355,60
PR000926,60
PR000045,59
PR000920,59
PR000228,59
PR000158,59
PR000130,59
PR000080,59
PR000795,59
PR000123,59
PR000249,59
PR000705,58
PR000654,58
PR000412,58
PR000913,58
PR000207,58
PR000677,58
PR000908,58
PR000278,58
PR000051,58
PR000157,58
PR000576,58
PR000683,57
PR000163,57
PR000486,57
PR000954,57
PR000287,57
PR000836,57
PR000730,57
PR000270,56
PR000647,56
PR000379,56
PR000699,56
PR000912,56
PR000943,56
PR000522,56
PR000094,55
PR000470,55
PR000117,55
PR000295,55
PR000945,55
PR000884,55
PR000204,55
PR000944,55
PR000353,55
PR000617,55
PR000151,55
PR000381,55
PR000931,54
PR000032,54
PR000152,54
PR000313,54
PR000591,54
PR000794,54
PR000009,53
PR000088,53
PR000243,53
PR000050,53
PR000165,53
PR000093,53
PR000918,53
PR000642,53
PR000917,52
PR000017,52
PR000139,52
PR000062,52
PR000006,52
PR000493,52
PR000717,52
PR000616,52
PR000358,52
PR000806,51
PR000352,51
PR000214,51
PR000686,51
PR000847,51
PR000131,51
PR000566,51
PR000937,51
PR000245,51
PR000461,51
PR000007,50
PR000602,50
PR000572,50
PR000807,50
PR000145,50
PR000416,49
PR000460,49
PR000314,49
PR000599,48
PR000810,48
PR000586,48
PR000318,48
PR000796,48
PR000490,48
PR000837,48
PR000551,48
PR000577,47
PR000265,47
PR000137,47
PR000598,47
PR000138,47
PR000676,46
PR000091,46
PR000569,46
PR000874,46
PR000582,46
PR000669,45
PR000786,45
PR000891,45
PR000337,45
PR000521,45
PR000583,45
PR000303,45
PR000817,44
PR000868,44
PR000027,44
PR000359,43
PR000590,43
PR000457,43
PR000951,43
PR000855,43
PR000947,43
PR000517,42
PR000425,41
PR000625,41
PR000102,41
PR000242,41
PR000596,41
PR000063,41
PR000408,41
PR000826,40
PR000218,39
PR000882,39
PR000964,39
PR000392,39
PR000309,38
PR000629,38
PR000014,38
PR000436,38
PR000966,38
PR000011,38
PR000104,38
PR000985,38
PR000003,37
PR000247,37
PR000030,37
PR000220,37
PR000552,36
PR000579,36
PR000859,36
PR000578,36
PR000227,35
PR000454,35
PR000958,35
PR000662,35
PR000469,34
PR000016,34
PR000310,34
PR000277,31
PR000478,31
PR000528,30
PR000948,29
PR000856,28
PR000621,27
PR000272,26
PR000563,24
PR000347,21
PR000597,19
PR000468,18
PR000986,16
PR001000,13
